
---

Задание можно выполнить как в любом IDE, так и в командной строке.

### Задание 1

Получите уникальные названия районов из таблицы с адресами, которые начинаются на “K” и заканчиваются на “a” и не содержат пробелов.
```SQL
mysql> SELECT DISTINCT district  FROM address WHERE district  LIKE 'k%a' AND district  not LIKE '% %';
```
```Tabl
+-----------+
| district  |
+-----------+
| Kanagawa  |
| Kalmykia  |
| Kaduna    |
| Karnataka |
| Kütahya   |
| Kerala    |
| Kitaa     |
+-----------+
```

### Задание 2

Получите из таблицы платежей за прокат фильмов информацию по платежам, которые выполнялись в промежуток с 15 июня 2005 года по 18 июня 2005 года **включительно** и стоимость которых превышает 10.00.

  
~mysql> SELECT * FROM payment WHERE (payment_date BETWEEN '2005-06-15'and '2005-06-19') and (amount > 10);~
~mysql> SELECT * FROM payment WHERE (payment_date BETWEEN CAST('2005-06-15' AS DATE) and CAST('2005-06-19' AS DATE)) and (amount > 10);~

С УЧЕТОМ ПРАВОК
```SQL
mysql> SELECT * FROM payment WHERE (CAST(payment_date AS DATE) BETWEEN '2005-06-15' and '2005-06-18') and (amount > 10);
```

```Tabl
mysql> SELECT * FROM payment WHERE (CAST(payment_date AS DATE) BETWEEN '2005-06-15' and '2005-06-18') and (amount > 10);
+------------+-------------+----------+-----------+--------+---------------------+---------------------+
| payment_id | customer_id | staff_id | rental_id | amount | payment_date        | last_update         |
+------------+-------------+----------+-----------+--------+---------------------+---------------------+
|        908 |          33 |        1 |      1301 |  10.99 | 2005-06-15 09:46:33 | 2006-02-15 22:12:36 |
|       7017 |         260 |        1 |      2091 |  10.99 | 2005-06-17 18:09:04 | 2006-02-15 22:14:58 |
|       8272 |         305 |        1 |      2166 |  11.99 | 2005-06-17 23:51:21 | 2006-02-15 22:15:47 |
|      12888 |         477 |        1 |      2306 |  10.99 | 2005-06-18 08:33:23 | 2006-02-15 22:19:46 |
|      13892 |         516 |        1 |      1718 |  10.99 | 2005-06-16 14:52:02 | 2006-02-15 22:20:47 |
|      14620 |         544 |        2 |      1434 |  10.99 | 2005-06-15 18:30:46 | 2006-02-15 22:21:35 |
|      15313 |         572 |        2 |      1889 |  10.99 | 2005-06-17 04:05:12 | 2006-02-15 22:22:22 |
+------------+-------------+----------+-----------+--------+---------------------+---------------------+
7 rows in set (0.01 sec)
```



### Задание 3

Получите последние пять аренд фильмов.

```SQL
mysql> SELECT * FROM rental ORDER BY rental_date DESC LIMIT 5;
```
```Tabl
+-----------+---------------------+--------------+-------------+-------------+----------+---------------------+
| rental_id | rental_date         | inventory_id | customer_id | return_date | staff_id | last_update         |
+-----------+---------------------+--------------+-------------+-------------+----------+---------------------+
|     11739 | 2006-02-14 15:16:03 |         4568 |         373 | NULL        |        2 | 2006-02-15 21:30:53 |
|     14616 | 2006-02-14 15:16:03 |         4537 |         532 | NULL        |        1 | 2006-02-15 21:30:53 |
|     11676 | 2006-02-14 15:16:03 |         4496 |         216 | NULL        |        2 | 2006-02-15 21:30:53 |
|     15966 | 2006-02-14 15:16:03 |         4472 |         374 | NULL        |        1 | 2006-02-15 21:30:53 |
|     13486 | 2006-02-14 15:16:03 |         4460 |         274 | NULL        |        1 | 2006-02-15 21:30:53 |
+-----------+---------------------+--------------+-------------+-------------+----------+---------------------+
5 rows in set (0.01 sec)
```

### Задание 4

Одним запросом получите активных покупателей, имена которых Kelly или Willie. 

Сформируйте вывод в результат таким образом:
- все буквы в фамилии и имени из верхнего регистра переведите в нижний регистр,
- замените буквы 'll' в именах на 'pp'.
```SQL
mysql> SELECT LOWER(REPLACE(first_name, 'll', 'pp')), LOWER(last_name) FROM customer WHERE first_name LIKE 'kelly' OR first_name LIKE 'Willie';
```
```Tabl
+----------------------------------------+------------------+
| LOWER(REPLACE(first_name, 'll', 'pp')) | LOWER(last_name) |
+----------------------------------------+------------------+
| kelly                                  | torres           |
| willie                                 | howell           |
| willie                                 | markham          |
| kelly                                  | knott            |
+----------------------------------------+------------------+
4 rows in set (0.00 sec)
```

## Дополнительные задания (со звёздочкой*)
Эти задания дополнительные, то есть не обязательные к выполнению, и никак не повлияют на получение вами зачёта по этому домашнему заданию. Вы можете их выполнить, если хотите глубже шире разобраться в материале.

### Задание 5*

Выведите Email каждого покупателя, разделив значение Email на две отдельных колонки: в первой колонке должно быть значение, указанное до @, во второй — значение, указанное после @.


```SQL
mysql> SELECT email, SUBSTRING_INDEX (email , '@', 1), SUBSTRING_INDEX (email , '@', -1)  FROM customer LIMIT 10;
```
```Tabl
+-------------------------------------+----------------------------------+-----------------------------------+
| email                               | SUBSTRING_INDEX (email , '@', 1) | SUBSTRING_INDEX (email , '@', -1) |
+-------------------------------------+----------------------------------+-----------------------------------+
| MARY.SMITH@sakilacustomer.org       | MARY.SMITH                       | sakilacustomer.org                |
| PATRICIA.JOHNSON@sakilacustomer.org | PATRICIA.JOHNSON                 | sakilacustomer.org                |
| LINDA.WILLIAMS@sakilacustomer.org   | LINDA.WILLIAMS                   | sakilacustomer.org                |
| BARBARA.JONES@sakilacustomer.org    | BARBARA.JONES                    | sakilacustomer.org                |
| ELIZABETH.BROWN@sakilacustomer.org  | ELIZABETH.BROWN                  | sakilacustomer.org                |
| JENNIFER.DAVIS@sakilacustomer.org   | JENNIFER.DAVIS                   | sakilacustomer.org                |
| MARIA.MILLER@sakilacustomer.org     | MARIA.MILLER                     | sakilacustomer.org                |
| SUSAN.WILSON@sakilacustomer.org     | SUSAN.WILSON                     | sakilacustomer.org                |
| MARGARET.MOORE@sakilacustomer.org   | MARGARET.MOORE                   | sakilacustomer.org                |
| DOROTHY.TAYLOR@sakilacustomer.org   | DOROTHY.TAYLOR                   | sakilacustomer.org                |
+-------------------------------------+----------------------------------+-----------------------------------+
10 rows in set (0.00 sec)
```


### Задание 6*

Доработайте запрос из предыдущего задания, скорректируйте значения в новых колонках: первая буква должна быть заглавной, остальные — строчными.
